City_ID,Country,Date,Lat,Lng,Max Temp,Humidity,Cloudliness,Wind Speed
0,TH,2022-05-14 17:41:04,18.5262,98.9394,82.6,73,,3.22
1,RU,2022-05-14 17:41:05,50.6789,156.125,37.96,94,,26.64
2,US,2022-05-14 17:40:01,42.097,-79.2353,77.95,58,,10.36
3,CN,2022-05-14 17:41:06,38.4167,77.2406,72.72,43,,15.61
4,NZ,2022-05-14 17:41:06,-46.1927,168.8643,43.48,92,,2.35
5,AU,2022-05-14 17:36:45,-31.9333,115.8333,60.78,92,,5.75
6,MG,2022-05-14 17:41:07,-21.2167,48.3333,70.09,75,,1.25
7,CL,2022-05-14 17:41:08,-53.15,-70.9167,50.11,71,,16.11
8,CA,2022-05-14 17:41:09,65.282,-126.8329,35.64,80,,21.85
9,CL,2022-05-14 17:41:09,-41.8697,-73.8203,54.75,65,,3.49
10,US,2022-05-14 17:41:10,37.5741,-122.3794,77.02,63,,9.22
11,ZA,2022-05-14 17:41:10,-33.0153,27.9116,61.74,88,,6.91
12,CA,2022-05-14 17:41:11,69.4541,-133.0374,21.2,93,,12.66
13,CL,2022-05-14 17:39:57,-35.3333,-72.4167,60.69,46,,8.05
14,PF,2022-05-14 17:41:12,-23.1203,-134.9692,76.26,68,,23.26
15,US,2022-05-14 17:41:12,57.0531,-135.33,48.09,71,,5.75
16,AR,2022-05-14 17:36:51,-54.8,-68.3,44.26,76,,5.75
17,PF,2022-05-14 17:40:02,-9.8,-139.0333,78.44,76,,18.68
18,ZA,2022-05-14 17:41:13,-34.4187,19.2345,51.8,76,,5.19
19,BS,2022-05-14 17:41:14,26.5412,-77.0636,78.26,78,,13.04
20,CK,2022-05-14 17:41:15,-21.2078,-159.775,80.65,78,,12.66
21,US,2022-05-14 17:41:16,43.2128,-75.4557,82.63,53,,1.99
22,MR,2022-05-14 17:41:16,20.5169,-13.0499,106.41,8,,11.25
23,IT,2022-05-14 17:41:17,45.047,7.3492,77.76,81,,0.69
24,RU,2022-05-14 17:41:18,62.1444,117.6319,33.28,90,,1.01
25,PG,2022-05-14 17:41:18,-2.0226,147.2712,80.74,72,,3.29
26,US,2022-05-14 17:40:12,38.6533,-94.3488,87.26,47,,4.61
27,GL,2022-05-14 17:41:19,69.2167,-51.1,26.62,63,,3.44
28,ES,2022-05-14 17:41:19,40.4165,0.4271,78.57,64,,7.63
29,RU,2022-05-14 17:41:20,45.4375,40.5756,56.59,79,,4.97
30,RU,2022-05-14 17:41:21,54.3,110.3,46.51,49,,2.19
31,ID,2022-05-14 17:41:22,-3.8004,102.2655,78.78,91,,4.18
32,CN,2022-05-14 17:41:22,32.1272,112.7542,55.45,75,,5.77
33,US,2022-05-14 17:40:41,42.6001,-73.9662,84.02,53,,4.0
34,FI,2022-05-14 17:41:23,66.7131,27.4306,51.01,63,,2.98
35,GH,2022-05-14 17:41:24,4.8699,-2.2405,81.18,82,,7.58
36,AR,2022-05-14 17:40:30,-41.1456,-71.3082,49.75,53,,0.0
37,TO,2022-05-14 17:39:48,-21.2,-175.2,71.76,68,,8.05
38,CL,2022-05-14 17:41:25,-29.9533,-71.3436,62.33,67,,2.3
39,PE,2022-05-14 17:41:25,-11.3258,-74.5308,88.57,49,,1.39
40,MY,2022-05-14 17:41:26,2.0167,112.9333,73.02,91,,0.98
41,ID,2022-05-14 17:41:27,-0.9492,100.3543,79.43,85,,3.51
42,CA,2022-05-14 17:41:27,60.7522,-137.5108,42.75,52,,8.05
43,TL,2022-05-14 17:41:28,-8.9266,125.4092,61.63,97,,0.58
44,NA,2022-05-14 17:41:29,-26.6481,15.1594,61.86,54,,14.65
45,GL,2022-05-14 17:41:29,60.9167,-46.05,39.42,67,,5.08
46,RU,2022-05-14 17:40:50,59.7035,30.7861,53.49,73,,7.36
47,RU,2022-05-14 17:41:30,66.8333,70.8333,37.02,100,,11.39
48,CL,2022-05-14 17:42:30,-45.5752,-72.0662,51.75,54,,3.44
49,AR,2022-05-14 17:40:25,-38.9516,-68.0591,57.09,41,,6.91
50,ID,2022-05-14 17:42:31,-5.6667,132.75,83.62,70,,1.92
51,KZ,2022-05-14 17:42:32,43.2,51.65,60.46,69,,15.66
52,AU,2022-05-14 17:42:31,-24.8667,113.6333,64.87,50,,16.8
53,AU,2022-05-14 17:42:33,-16.9167,145.7667,74.07,97,,0.0
54,RU,2022-05-14 17:42:33,54.9321,41.1438,46.29,91,,5.88
55,NC,2022-05-14 17:42:34,-21.55,167.8833,72.1,80,,12.5
56,CA,2022-05-14 17:42:35,55.7435,-97.8558,39.36,100,,16.11
57,PH,2022-05-14 17:42:35,5.4033,125.4636,80.15,82,,6.06
58,RU,2022-05-14 17:42:36,59.3833,143.3,33.71,99,,11.95
59,PE,2022-05-14 17:42:37,-13.7,-76.2167,66.25,77,,9.22
60,KM,2022-05-14 17:42:37,-12.2569,44.5319,78.21,81,,6.06
61,ML,2022-05-14 17:42:38,20.1986,1.0114,95.29,6,,10.69
62,BO,2022-05-14 17:42:39,-17.7833,-57.7667,97.79,27,,6.11
63,RU,2022-05-14 17:42:39,66.4167,112.4,32.7,96,,3.65
64,RU,2022-05-14 17:41:30,71.9167,114.0833,20.89,92,,9.24
65,US,2022-05-14 17:40:31,37.9887,-84.4777,82.29,60,,10.36
66,ZA,2022-05-14 17:39:42,-33.9258,18.4232,60.91,72,,10.36
67,AU,2022-05-14 17:40:11,-42.8794,147.3294,59.25,75,,6.91
68,SJ,2022-05-14 17:42:42,78.2186,15.6401,30.04,64,,3.44
69,AU,2022-05-14 17:42:42,-42.7826,147.0587,57.92,72,,3.0
70,KE,2022-05-14 17:42:43,-3.2175,40.1191,78.96,80,,13.96
71,CD,2022-05-14 17:42:43,-7.0,23.45,72.99,53,,3.8
72,CN,2022-05-14 17:42:44,29.0361,114.5636,55.99,98,,3.33
73,RU,2022-05-14 17:42:45,50.5167,115.1333,50.58,41,,7.63
74,ZA,2022-05-14 17:42:46,-33.5906,26.891,57.18,90,,5.06
75,KE,2022-05-14 17:42:46,-3.4019,38.364,62.04,78,,6.31
76,GE,2022-05-14 17:42:47,41.9563,42.9566,60.37,82,,2.82
77,RU,2022-05-14 17:42:47,65.8167,87.9833,46.9,78,,6.22
78,CN,2022-05-14 17:42:48,41.7597,86.1469,68.38,31,,3.87
79,GL,2022-05-14 17:42:49,65.6145,-37.6368,30.36,62,,2.46
80,RU,2022-05-14 17:42:49,44.4064,131.3769,42.44,70,,8.39
81,ZA,2022-05-14 17:42:50,-34.0033,24.7314,56.88,89,,5.41
82,CO,2022-05-14 17:42:50,8.5389,-74.6204,84.43,74,,2.68
83,BR,2022-05-14 17:42:51,-22.9661,-42.0278,78.76,61,,11.5
84,MG,2022-05-14 17:42:52,-13.2,49.05,70.52,78,,4.0
85,CA,2022-05-14 17:42:52,50.1001,-91.917,59.07,55,,12.66
86,SA,2022-05-14 17:42:53,17.4924,44.1277,86.65,14,,6.4
87,ES,2022-05-14 17:42:54,39.8532,3.1214,80.38,57,,9.57
88,VE,2022-05-14 17:42:54,8.1222,-63.5497,96.42,33,,8.61
89,CA,2022-05-14 17:42:55,68.2191,-135.0107,23.0,80,,10.36
90,FR,2022-05-14 17:42:56,45.6667,4.0833,77.34,76,,4.07
91,UY,2022-05-14 17:42:56,-33.6971,-53.4616,64.76,67,,8.23
92,AO,2022-05-14 17:43:57,-6.1349,12.3689,78.17,86,,7.05
93,VE,2022-05-14 17:43:57,7.7669,-72.225,82.58,50,,8.37
94,AU,2022-05-14 17:43:58,-17.0,145.4333,69.44,96,,2.15
95,NZ,2022-05-14 17:42:40,-45.8742,170.5036,47.8,85,,2.1
96,OM,2022-05-14 17:43:59,17.0151,54.0924,86.09,74,,6.91
97,ZA,2022-05-14 17:44:00,-34.5322,20.0403,55.78,75,,1.97
98,MZ,2022-05-14 17:44:00,-19.6094,34.7431,72.91,89,,4.29
99,CA,2022-05-14 17:40:28,70.4692,-68.5914,25.03,80,,6.91
100,US,2022-05-14 17:44:01,28.017,-97.5169,90.32,37,,10.0
101,AU,2022-05-14 17:40:11,-33.8667,121.9,57.45,76,,21.07
102,RU,2022-05-14 17:44:02,52.8249,117.3076,37.38,75,,4.63
103,RU,2022-05-14 17:44:03,68.75,161.3,33.85,99,,3.11
104,BR,2022-05-14 17:44:03,-30.1811,-50.2056,67.55,79,,11.45
105,KI,2022-05-14 17:44:04,3.0707,172.7902,80.42,75,,7.94
106,NA,2022-05-14 17:44:04,-18.0607,13.84,68.49,30,,3.49
107,NO,2022-05-14 17:44:05,69.3143,16.1194,44.58,87,,9.22
108,KZ,2022-05-14 17:44:05,49.6311,72.8539,55.78,73,,7.65
109,GL,2022-05-14 17:44:06,77.484,-69.3632,20.25,68,,1.57
110,GL,2022-05-14 17:44:07,72.7868,-56.1549,20.7,72,,3.6
111,CL,2022-05-14 17:44:08,-35.9671,-72.3225,58.44,36,,6.15
112,US,2022-05-14 17:44:08,60.5544,-151.2583,44.65,45,,17.27
113,US,2022-05-14 17:42:17,27.8006,-97.3964,92.16,59,,16.11
114,US,2022-05-14 17:42:33,19.7297,-155.09,75.61,88,,3.44
115,IT,2022-05-14 17:44:09,40.9158,14.8246,69.08,71,,5.01
116,PK,2022-05-14 17:44:10,25.2631,63.471,82.76,84,,8.63
117,PE,2022-05-14 17:44:10,-11.0964,-77.6139,69.67,70,,10.54
118,US,2022-05-14 17:40:19,39.6499,-121.5677,78.39,42,,6.91
119,GB,2022-05-14 17:44:11,60.3964,-1.353,50.07,82,,10.87
120,EC,2022-05-14 17:40:06,-0.7393,-90.3518,78.76,93,,3.0
121,VE,2022-05-14 17:44:12,5.6639,-67.6236,87.93,67,,2.06
122,US,2022-05-14 17:44:13,34.4133,-119.861,91.31,32,,6.46
123,US,2022-05-14 17:44:13,41.8666,-103.6672,62.83,34,,0.0
124,MX,2022-05-14 17:44:14,24.8333,-100.0667,79.61,31,,6.89
125,AU,2022-05-14 17:40:00,-33.65,115.3333,58.39,67,,9.78
126,MY,2022-05-14 17:44:14,5.0268,118.327,77.02,92,,1.36
127,MV,2022-05-14 17:44:15,-0.6,73.0833,83.17,69,,8.86
128,RU,2022-05-14 17:44:15,67.6803,53.1512,46.65,83,,8.61
129,NZ,2022-05-14 17:44:16,-46.6,168.3333,43.81,74,,5.91
130,US,2022-05-14 17:44:16,37.1041,-113.5841,82.44,11,,1.01
131,TH,2022-05-14 17:44:17,19.9167,99.9167,80.58,95,,3.44
132,IS,2022-05-14 17:44:17,64.8945,-23.7142,41.86,70,,14.07
133,CA,2022-05-14 17:39:20,60.8156,-115.7999,55.36,54,,10.36
134,PT,2022-05-14 17:40:42,38.5167,-28.7,64.8,72,,24.16
135,BR,2022-05-14 17:41:39,-16.3494,-53.7583,91.44,30,,6.85
136,BR,2022-05-14 17:44:19,-9.5618,-48.3967,91.98,42,,5.79
137,ET,2022-05-14 17:44:20,9.5046,35.5019,64.09,76,,4.18
138,BR,2022-05-14 17:45:21,-24.7911,-50.0119,71.04,51,,5.55
139,CN,2022-05-14 17:45:22,37.4564,118.4856,57.0,34,,6.69
140,RU,2022-05-14 17:45:23,46.4856,135.8833,36.61,80,,6.85
141,GL,2022-05-14 17:45:23,60.1432,-45.2371,32.2,78,,5.7
142,LA,2022-05-14 17:45:24,18.3778,103.6601,77.68,88,,3.65
143,SA,2022-05-14 17:45:24,29.9697,40.2064,87.37,14,,8.66
144,RU,2022-05-14 17:44:58,66.3167,-179.1667,26.22,99,,6.04
145,TH,2022-05-14 17:45:25,7.4054,99.5156,79.66,86,,0.94
146,CA,2022-05-14 17:45:26,66.1451,-65.7125,19.4,79,,8.05
147,BS,2022-05-14 17:45:17,24.7,-77.7667,80.56,68,,13.02
148,RU,2022-05-14 17:45:26,50.3734,129.1139,42.15,78,,13.85
149,CN,2022-05-14 17:45:27,28.7667,104.6238,57.74,95,,4.61
150,JP,2022-05-14 17:45:28,44.3525,143.3525,45.93,78,,15.52
151,IN,2022-05-14 17:45:28,24.745,78.8333,98.01,11,,6.11
152,TZ,2022-05-14 17:45:29,-5.1092,31.0419,72.3,69,,3.89
153,RU,2022-05-14 17:41:23,69.7008,170.3133,31.62,93,,9.4
154,GD,2022-05-14 17:45:30,12.0564,-61.7485,85.68,70,,26.46
155,RU,2022-05-14 17:45:30,71.6872,128.8694,4.42,100,,5.39
156,US,2022-05-14 17:45:31,71.2906,-156.7887,24.82,86,,12.66
157,CN,2022-05-14 17:45:32,33.0559,113.7978,56.12,68,,5.99
158,LY,2022-05-14 17:45:32,27.0377,14.4283,75.54,20,,12.55
159,US,2022-05-14 17:45:33,34.716,-77.3202,79.18,88,,4.61
160,NC,2022-05-14 17:45:33,-20.6833,164.9333,72.28,84,,8.95
161,NP,2022-05-14 17:45:34,29.2747,82.1838,55.58,88,,1.7
162,US,2022-05-14 17:45:35,22.0752,-159.319,75.52,86,,13.8
163,CA,2022-05-14 17:45:35,68.3499,-133.7218,25.56,80,,12.66
164,AU,2022-05-14 17:45:36,-23.1333,150.7333,65.98,90,,3.65
165,CA,2022-05-14 17:45:36,49.7502,-77.6328,82.51,36,,12.66
166,RU,2022-05-14 17:45:37,62.5353,113.9611,33.24,100,,2.86
167,MG,2022-05-14 17:45:37,-17.8333,48.4167,59.22,97,,3.89
168,CA,2022-05-14 17:45:38,62.456,-114.3525,55.92,38,,10.36
169,MM,2022-05-14 17:45:38,18.4833,96.4333,78.76,88,,4.18
170,RU,2022-05-14 17:45:39,67.4667,78.7,35.74,99,,10.27
171,NO,2022-05-14 17:45:40,66.0771,13.8153,41.32,100,,6.62
172,CA,2022-05-14 17:44:19,44.0787,-80.2041,81.05,61,,10.04
173,RU,2022-05-14 17:45:40,60.4667,166.1,32.97,99,,2.19
174,MX,2022-05-14 17:44:29,22.8909,-109.9124,85.6,68,,4.61
175,US,2022-05-14 17:45:41,45.0205,-93.218,74.25,50,,17.27
176,RU,2022-05-14 17:45:42,57.8,158.6667,42.89,85,,6.91
177,EC,2022-05-14 17:45:42,0.6,-80.0333,79.63,82,,12.37
178,GM,2022-05-14 17:45:43,13.4333,-14.65,107.4,11,,7.54
179,AU,2022-05-14 17:45:43,-20.7333,139.5,53.37,82,,0.0
180,TZ,2022-05-14 17:45:44,-4.8769,29.6267,77.59,78,,0.0
181,PT,2022-05-14 17:45:45,33.072,-16.3415,70.18,68,,14.97
182,NZ,2022-05-14 17:45:45,-46.1333,167.6833,45.97,91,,3.53
183,RU,2022-05-14 17:45:46,67.4667,86.5833,34.97,100,,5.57
184,CA,2022-05-14 17:45:46,55.1001,-105.2842,37.65,87,,19.57
185,US,2022-05-14 17:46:47,46.1879,-123.8313,55.47,95,,13.8
186,PH,2022-05-14 17:46:48,12.1791,125.5072,80.69,83,,6.87
187,GN,2022-05-14 17:46:48,10.65,-9.8833,103.53,8,,9.89
188,US,2022-05-14 17:46:49,47.1053,-104.7125,59.7,42,,21.85
189,BF,2022-05-14 17:46:50,11.15,-3.0667,101.62,23,,3.67
190,PE,2022-05-14 17:46:51,-11.9472,-75.2829,62.38,44,,3.53
191,RE,2022-05-14 17:46:51,-21.3585,55.7679,72.99,77,,12.1
192,CN,2022-05-14 17:46:52,42.7788,124.0955,43.36,37,,8.25
193,PG,2022-05-14 17:46:53,-9.4431,147.1797,76.42,94,,2.3
194,NG,2022-05-14 17:46:54,4.9247,6.2642,78.73,82,,1.88
195,PR,2022-05-14 17:43:37,17.9716,-66.908,87.51,69,,20.8
196,ID,2022-05-14 17:46:55,5.5577,95.3222,81.16,82,,0.72
197,MX,2022-05-14 17:46:56,18.25,-92.0833,99.46,29,,2.51
198,MU,2022-05-14 17:46:57,-20.4081,57.7,75.49,73,,8.05
199,MX,2022-05-14 17:42:49,16.8634,-99.8901,87.62,70,,9.22
200,US,2022-05-14 17:46:58,31.4352,-97.7439,93.31,53,,5.75
201,MV,2022-05-14 17:47:00,6.8833,73.1,80.82,80,,23.69
202,PE,2022-05-14 17:47:01,-10.0681,-78.1522,71.2,70,,11.27
203,CA,2022-05-14 17:45:18,46.5168,-84.3333,73.69,67,,4.61
204,CA,2022-05-14 17:47:02,49.4169,-82.4331,80.69,39,,3.44
205,US,2022-05-14 17:47:03,38.5834,-90.4068,87.69,51,,4.0
206,AU,2022-05-14 17:47:04,-38.2667,141.9667,54.45,92,,10.83
207,PL,2022-05-14 17:47:04,52.6756,18.3313,60.76,80,,8.88
208,RO,2022-05-14 17:47:05,46.4333,26.4,60.28,77,,2.91
209,BR,2022-05-14 17:44:00,-20.3297,-40.2925,80.55,65,,13.8
210,AR,2022-05-14 17:42:36,-38.0023,-57.5575,61.95,40,,10.36
211,RU,2022-05-14 17:47:06,65.5833,-171.0,28.81,95,,5.59
212,RU,2022-05-14 17:47:07,66.7697,123.3711,19.54,84,,9.48
213,CN,2022-05-14 17:47:07,43.6125,122.2653,48.99,36,,7.99
214,UZ,2022-05-14 17:47:08,40.4272,71.7189,61.52,82,,6.91
215,US,2022-05-14 17:47:06,45.5234,-122.6762,60.42,90,,9.22
216,UG,2022-05-14 17:47:09,1.6744,31.715,68.74,76,,4.7
217,MX,2022-05-14 17:47:10,23.45,-110.2167,71.44,77,,8.1
218,JP,2022-05-14 17:47:10,32.9833,132.9333,55.96,80,,4.45
219,BR,2022-05-14 17:47:11,-3.1019,-60.025,90.1,66,,6.91
220,AU,2022-05-14 17:47:11,-28.7667,114.6,55.81,88,,11.5
221,RU,2022-05-14 17:47:12,56.4185,61.9329,48.34,74,,9.73
222,MV,2022-05-14 17:47:13,3.7833,72.9667,83.12,76,,19.48
223,PH,2022-05-14 17:47:13,14.35,121.0167,83.43,85,,3.44
224,US,2022-05-14 17:47:14,64.5011,-165.4064,34.16,74,,0.0
225,BB,2022-05-14 17:47:14,13.0667,-59.5333,86.09,66,,21.85
226,NA,2022-05-14 17:47:15,-24.8333,16.9833,64.13,18,,10.31
227,AU,2022-05-14 17:47:15,-30.3,153.1333,68.13,94,,0.0
228,US,2022-05-14 17:45:03,39.5151,-84.3983,86.63,49,,5.75
229,ID,2022-05-14 17:48:16,-0.9131,122.8766,76.62,86,,3.74
230,GL,2022-05-14 17:48:17,64.1835,-51.7216,27.21,68,,5.75
231,MG,2022-05-14 17:44:59,-25.1667,45.05,67.95,84,,9.42
232,ZA,2022-05-14 17:48:18,-33.0117,17.9442,57.25,80,,16.84
233,GM,2022-05-14 17:48:19,13.2019,-16.7339,89.67,51,,8.05
234,TZ,2022-05-14 17:48:20,-7.2,35.7333,74.5,64,,5.08
235,EG,2022-05-14 17:45:14,31.2565,32.2841,71.58,64,,11.5
236,MX,2022-05-14 17:43:39,16.5167,-98.75,88.05,57,,11.3
237,RU,2022-05-14 17:48:21,70.6333,147.9167,6.1,97,,3.2
238,ZA,2022-05-14 17:48:21,-33.918,25.5701,60.31,90,,3.44
239,CN,2022-05-14 17:48:23,23.2281,110.8261,71.98,99,,3.91
240,GB,2022-05-14 17:45:13,51.5877,-2.9984,68.67,60,,2.01
241,RU,2022-05-14 17:48:23,64.3833,-173.3,34.18,96,,4.99
242,US,2022-05-14 17:48:24,40.5982,-124.1573,68.94,80,,3.44
243,MG,2022-05-14 17:48:25,-24.7,44.75,69.8,62,,7.4
244,RU,2022-05-14 17:48:26,68.0531,39.5131,38.07,86,,5.08
245,GB,2022-05-14 17:48:26,51.3813,1.3862,57.69,82,,8.61
246,JP,2022-05-14 17:44:21,35.7333,140.8333,63.0,79,,24.18
247,IR,2022-05-14 17:48:27,32.6941,47.2679,86.95,11,,6.85
248,CA,2022-05-14 17:48:28,45.5334,-77.0994,83.52,44,,5.73
249,RU,2022-05-14 17:48:29,53.6667,124.8,33.76,47,,14.34
250,RU,2022-05-14 17:48:30,73.5069,80.5464,31.62,96,,10.09
251,RU,2022-05-14 17:48:30,55.8167,37.8667,55.67,67,,8.3
252,RU,2022-05-14 17:48:31,60.3778,92.6267,50.65,89,,3.27
253,PT,2022-05-14 17:48:32,32.6667,-17.1,72.72,65,,8.86
254,AU,2022-05-14 17:48:32,-25.2406,130.9889,64.35,61,,7.34
255,MA,2022-05-14 17:48:33,29.5833,-9.5,80.65,34,,8.86
256,MU,2022-05-14 17:48:34,-20.5167,57.5167,75.58,73,,8.05
257,PE,2022-05-14 17:48:34,-5.5569,-80.8222,77.81,61,,8.46
258,ID,2022-05-14 17:48:35,-5.3166,119.3661,75.22,85,,7.85
259,EC,2022-05-14 17:48:35,-0.95,-80.7333,78.58,83,,6.91
260,ID,2022-05-14 17:48:36,-7.9386,110.2506,78.91,87,,2.44
261,PH,2022-05-14 17:48:36,13.1372,123.7344,77.7,91,,2.73
262,RU,2022-05-14 17:48:37,50.5994,97.5228,42.49,43,,1.45
263,KZ,2022-05-14 17:48:37,45.41,79.9186,58.26,84,,5.5
264,CI,2022-05-14 17:48:38,4.423,-7.3528,76.3,87,,10.25
265,RU,2022-05-14 17:48:39,54.1742,103.0304,51.89,38,,0.49
266,CL,2022-05-14 17:47:22,-37.6167,-73.65,55.06,69,,18.81
267,ZA,2022-05-14 17:48:39,-33.3042,26.5328,50.95,93,,4.56
268,NU,2022-05-14 17:48:40,-19.0595,-169.9187,73.29,60,,6.91
269,NZ,2022-05-14 17:48:41,-43.5333,172.6333,52.92,92,,4.61
270,AU,2022-05-14 17:48:41,-13.8483,136.4192,74.66,61,,6.35
271,US,2022-05-14 17:48:42,64.8378,-147.7164,41.49,88,,3.44
272,IE,2022-05-14 17:48:43,52.6397,-9.4833,62.35,68,,6.46
273,BR,2022-05-14 17:48:43,-2.9248,-39.9167,82.4,83,,13.42
274,ID,2022-05-14 17:48:44,-6.8844,112.2051,80.15,85,,4.54
275,LR,2022-05-14 17:48:45,5.8808,-10.0467,81.05,84,,5.97
276,BR,2022-05-14 17:49:46,1.0,-52.0,79.41,96,,3.87
277,NO,2022-05-14 17:49:46,59.3556,5.2242,50.22,87,,11.5
278,BR,2022-05-14 17:49:47,-8.0089,-34.8553,83.93,70,,12.66
279,MA,2022-05-14 17:46:40,31.6315,-8.0083,89.67,22,,10.36
280,PT,2022-05-14 17:49:48,32.65,-17.0667,72.72,66,,9.6
281,RU,2022-05-14 17:49:49,51.3223,42.7678,51.48,89,,7.05
282,KZ,2022-05-14 17:49:50,53.7453,62.0708,53.06,57,,7.61
283,MG,2022-05-14 17:49:51,-22.4,46.1167,64.4,79,,6.42
284,RU,2022-05-14 17:49:52,71.9667,102.5,33.49,100,,8.05
285,LY,2022-05-14 17:49:53,32.767,22.6367,67.19,66,,18.7
286,SO,2022-05-14 17:49:53,9.4942,50.8122,82.83,82,,18.43
287,US,2022-05-14 17:49:54,32.835,-116.7664,92.93,19,,5.01
288,MY,2022-05-14 17:49:55,5.4112,100.3354,85.98,79,,5.99
289,CA,2022-05-14 17:49:55,63.7506,-68.5145,20.93,79,,20.71
290,RU,2022-05-14 17:49:56,69.4865,88.3972,35.02,99,,5.28
291,CA,2022-05-14 17:49:57,50.2334,-63.5986,66.56,19,,11.5
292,JP,2022-05-14 17:46:52,28.3667,129.4833,65.32,90,,10.85
293,EG,2022-05-14 17:49:58,28.419,30.7792,84.51,23,,17.36
294,CA,2022-05-14 17:49:58,46.3834,-75.966,86.38,32,,6.91
295,TM,2022-05-14 17:49:59,39.5108,54.3671,73.6,37,,7.72
296,PF,2022-05-14 17:49:59,-16.4833,-151.75,81.05,67,,13.73
297,US,2022-05-14 17:49:28,39.1834,-84.5333,86.65,52,,10.36
298,TM,2022-05-14 17:50:00,38.4362,57.4316,70.41,39,,7.34
299,RU,2022-05-14 17:50:01,54.7167,158.6167,39.78,96,,1.57
300,RU,2022-05-14 17:50:01,50.7214,136.6319,37.71,86,,10.42
301,BR,2022-05-14 17:50:02,-1.9417,-54.7383,84.56,77,,5.93
302,MZ,2022-05-14 17:50:02,-16.8392,36.9856,66.06,97,,3.85
303,KZ,2022-05-14 17:50:03,49.1447,56.4872,60.37,57,,8.86
304,RU,2022-05-14 17:50:04,52.0508,44.3451,49.55,90,,7.58
305,KE,2022-05-14 17:50:04,-1.5167,37.2667,67.95,94,,4.34
306,MX,2022-05-14 17:50:05,18.7333,-103.6833,92.23,40,,7.29
307,LK,2022-05-14 17:50:06,7.4167,81.8167,79.57,85,,8.19
308,RU,2022-05-14 17:50:06,50.7333,92.05,52.16,24,,3.18
309,TD,2022-05-14 17:50:07,11.0297,20.2827,89.35,38,,5.23
310,BR,2022-05-14 17:50:07,-23.2178,-44.7131,72.99,84,,4.65
311,RU,2022-05-14 17:50:09,66.0,111.5,33.21,95,,5.41
312,CN,2022-05-14 17:50:09,33.0728,107.0303,49.78,90,,1.12
313,VU,2022-05-14 17:50:10,-13.8833,167.55,79.97,70,,14.65
314,MW,2022-05-14 17:50:11,-16.92,35.262,72.64,73,,3.53
315,IN,2022-05-14 17:50:11,26.9839,73.9719,96.04,18,,10.76
316,ID,2022-05-14 17:50:12,-3.7508,103.6372,75.92,95,,2.17
317,CN,2022-05-14 17:50:13,18.8003,110.3967,79.07,89,,5.5
318,AR,2022-05-14 17:50:13,-34.6534,-58.6198,68.02,41,,6.44
319,BR,2022-05-14 17:50:14,-2.5364,-57.76,86.85,66,,4.65
320,BR,2022-05-14 17:50:14,-17.7125,-39.2481,77.7,73,,9.08
321,CA,2022-05-14 17:50:15,50.0334,-66.8654,64.62,55,,5.41
322,NE,2022-05-14 17:51:16,14.3521,3.3168,95.68,27,,13.44
323,SD,2022-05-14 17:51:16,13.5167,35.7667,99.41,18,,3.67
324,CA,2022-05-14 17:51:17,47.6666,-52.7314,39.27,92,,14.97
325,CN,2022-05-14 17:51:18,31.8111,121.655,62.92,60,,2.08
326,IN,2022-05-14 17:51:18,25.5198,90.2201,71.47,96,,8.43
327,NG,2022-05-14 17:51:19,10.3744,10.7288,92.98,29,,5.44
328,CN,2022-05-14 17:51:19,47.5833,126.0833,48.49,55,,9.22
329,LR,2022-05-14 17:51:20,6.7533,-11.3686,83.17,77,,9.53
330,NC,2022-05-14 17:51:20,-20.2333,164.0167,75.96,80,,14.83
331,NZ,2022-05-14 17:51:21,-45.4167,167.7167,46.89,94,,1.68
332,BW,2022-05-14 17:51:21,-21.1833,24.8833,70.7,30,,1.99
333,GL,2022-05-14 17:51:22,68.8193,-51.1922,25.63,69,,4.81
334,PT,2022-05-14 17:51:23,40.1629,-8.3327,67.82,51,,8.39
335,US,2022-05-14 17:51:23,57.79,-152.4072,42.31,70,,8.05
336,BB,2022-05-14 17:46:37,13.2167,-59.5167,86.61,66,,21.85
337,HK,2022-05-14 17:50:59,22.2855,114.1577,75.96,93,,17.0
338,BR,2022-05-14 17:51:24,-10.3353,-67.1856,85.05,67,,2.68
339,NA,2022-05-14 17:51:25,-22.116,14.2845,58.32,82,,8.14
340,IN,2022-05-14 17:51:25,27.9167,96.1667,71.8,99,,3.96
341,US,2022-05-14 17:51:26,39.4735,-118.7774,70.45,30,,3.44
342,BR,2022-05-14 17:51:27,-3.3836,-57.7186,84.74,78,,4.03
343,SN,2022-05-14 17:51:27,12.7081,-15.5569,108.23,11,,7.74
344,MU,2022-05-14 17:51:28,-20.3428,57.7575,75.45,73,,8.05
345,RU,2022-05-14 17:51:28,58.6881,99.1844,52.48,41,,3.71
346,EC,2022-05-14 17:50:10,-0.9,-89.6,79.79,65,,16.11
347,SE,2022-05-14 17:51:29,67.8557,20.2251,38.32,93,,2.3
348,TZ,2022-05-14 17:51:30,-2.5167,32.9,77.05,65,,0.0
349,CN,2022-05-14 17:51:30,30.3,109.4833,52.93,96,,0.78
350,VN,2022-05-14 17:51:31,10.7,105.1167,82.04,80,,6.51
351,BR,2022-05-14 17:51:31,-2.8731,-67.8022,85.78,76,,2.91
352,EG,2022-05-14 17:51:32,29.2041,25.5195,81.34,23,,7.99
353,RU,2022-05-14 17:51:32,63.0128,112.4714,31.86,97,,2.62
354,NZ,2022-05-14 17:51:33,-35.1667,173.1667,62.31,81,,9.62
355,FR,2022-05-14 17:51:34,49.7667,4.7167,62.06,73,,2.77
356,CO,2022-05-14 17:51:34,4.3758,-73.2155,80.83,85,,1.9
357,RU,2022-05-14 17:51:35,61.5734,31.4792,47.23,66,,6.38
358,CA,2022-05-14 17:51:36,58.8053,-122.7002,44.19,100,,4.61
359,US,2022-05-14 17:51:36,42.5357,-113.7928,61.3,41,,6.91
360,CL,2022-05-14 17:48:13,-34.1833,-70.6667,66.09,33,,2.08
361,BR,2022-05-14 17:51:37,-10.1256,-36.1756,79.75,83,,9.73
362,US,2022-05-14 17:49:28,43.0528,-74.3438,83.62,67,,0.0
363,NO,2022-05-14 17:51:37,65.4625,12.1997,42.8,87,,15.01
364,US,2022-05-14 17:51:38,40.8754,-75.2499,74.91,80,,1.01
365,JP,2022-05-14 17:51:39,35.1333,140.3,62.62,89,,17.74
366,AU,2022-05-14 17:51:39,-20.7377,116.8463,74.32,56,,10.2
367,CN,2022-05-14 17:51:40,27.6881,111.4294,53.65,95,,3.51
368,PY,2022-05-14 17:52:40,-19.9309,-60.7718,83.43,50,,8.99
369,BR,2022-05-14 17:52:41,-25.3953,-51.4581,68.65,52,,3.94
370,EG,2022-05-14 17:52:42,27.2696,31.1511,88.02,25,,19.08
371,US,2022-05-14 17:52:43,41.3712,-73.414,81.18,69,,5.75
372,ES,2022-05-14 17:52:43,42.7762,-9.0603,79.09,41,,4.03
373,PG,2022-05-14 17:52:44,-10.6167,150.6667,80.94,80,,9.64
374,RU,2022-05-14 17:52:45,63.05,179.3167,35.22,96,,3.4
375,GA,2022-05-14 17:52:46,-0.7193,8.7815,82.36,83,,10.36
376,RU,2022-05-14 17:52:46,62.8833,152.4333,30.9,86,,2.13
377,IN,2022-05-14 17:52:47,25.7167,81.5167,94.84,14,,10.71
378,RE,2022-05-14 17:52:47,-21.3667,55.6167,71.98,79,,12.95
379,AZ,2022-05-14 17:52:48,41.631,48.681,60.85,70,,5.21
380,US,2022-05-14 17:52:49,39.5994,-110.8107,72.12,14,,5.75
381,US,2022-05-14 17:52:49,39.0062,-77.4286,72.55,89,,8.99
382,GF,2022-05-14 17:52:22,4.9333,-52.3333,85.08,1,,5.99
383,CL,2022-05-14 17:48:19,-27.3667,-70.3333,60.49,28,,6.2
384,RU,2022-05-14 17:52:50,67.45,153.6833,23.38,95,,9.46
385,VE,2022-05-14 17:52:51,10.4762,-66.5427,89.69,65,,4.03
386,FO,2022-05-14 17:52:51,62.2266,-6.589,47.32,89,,1.74
387,RU,2022-05-14 17:52:52,69.3,139.9,10.56,96,,1.97
388,GL,2022-05-14 17:52:52,60.7167,-46.0333,34.07,71,,5.32
389,NA,2022-05-14 17:52:53,-22.9575,14.5053,59.95,77,,3.44
390,CN,2022-05-14 17:52:54,40.0936,113.2914,50.65,34,,3.83
391,US,2022-05-14 17:48:34,20.8947,-156.47,76.84,72,,16.11
392,MX,2022-05-14 17:49:07,19.55,-103.4,89.85,30,,5.1
393,RU,2022-05-14 17:52:55,56.45,138.1667,32.61,98,,15.77
394,UA,2022-05-14 17:52:57,48.8033,26.0435,53.69,78,,7.38
395,PK,2022-05-14 17:52:57,29.1925,72.8536,100.4,5,,10.33
396,GL,2022-05-14 17:52:58,61.994,-49.6678,30.54,63,,14.34
397,PT,2022-05-14 17:52:58,37.7167,-25.4333,66.2,85,,21.85
398,MX,2022-05-14 17:52:59,23.4167,-99.3833,92.53,24,,6.31
399,RU,2022-05-14 17:52:59,61.2767,108.0108,47.19,65,,2.37
400,CA,2022-05-14 17:53:00,50.6996,-127.4199,48.38,81,,9.22
401,RU,2022-05-14 17:53:00,49.75,142.8333,32.86,97,,5.66
402,US,2022-05-14 17:50:02,34.0633,-117.6509,94.1,19,,5.75
403,NE,2022-05-14 17:53:01,18.7369,7.3853,95.4,10,,17.34
404,RU,2022-05-14 17:53:02,52.2667,79.1667,61.77,75,,6.71
405,ML,2022-05-14 17:53:02,22.6783,-3.9836,97.66,7,,16.78
406,BR,2022-05-14 17:53:03,-3.1431,-58.4442,85.21,72,,4.92
407,GB,2022-05-14 17:53:03,58.9848,-2.9587,55.45,62,,12.66
408,ZA,2022-05-14 17:51:41,-30.7414,30.455,68.09,77,,12.73
409,TR,2022-05-14 17:53:04,37.7855,38.6237,67.37,46,,10.8
410,RU,2022-05-14 17:53:04,52.5248,52.7623,52.45,79,,7.31
411,LY,2022-05-14 17:53:05,29.1081,21.2869,77.29,27,,12.28
412,PG,2022-05-14 17:53:06,-2.5744,150.7967,81.48,73,,8.86
413,TH,2022-05-14 17:53:06,12.6664,100.9007,87.98,84,,4.61
414,NO,2022-05-14 17:53:07,70.3705,31.1107,40.98,81,,4.61
415,US,2022-05-14 17:53:07,42.2506,-75.833,80.71,58,,4.0
416,PH,2022-05-14 17:53:08,10.9995,122.6711,78.51,87,,2.37
417,BR,2022-05-14 17:53:08,-2.0078,-54.0692,84.97,72,,4.21
418,AR,2022-05-14 17:50:35,-23.1322,-64.326,74.08,49,,1.39
419,AR,2022-05-14 17:54:09,-38.3739,-60.2798,58.23,31,,13.38
420,IR,2022-05-14 17:54:10,32.31,54.0175,69.35,24,,8.3
421,AU,2022-05-14 17:54:10,-17.5333,146.0333,69.55,88,,4.45
422,MR,2022-05-14 17:54:11,20.5022,-10.0711,101.75,7,,13.06
423,RU,2022-05-14 17:54:12,65.85,74.4859,42.08,80,,10.6
424,AU,2022-05-14 17:54:12,-28.0,153.4333,73.47,97,,12.66
425,PE,2022-05-14 17:54:13,-17.6394,-71.3375,70.66,68,,11.5
426,RU,2022-05-14 17:54:13,55.5093,31.8482,45.66,93,,5.86
427,US,2022-05-14 17:54:14,38.3032,-77.4605,73.02,85,,4.61
428,IN,2022-05-14 17:54:14,21.0269,76.8389,98.17,20,,12.3
429,TZ,2022-05-14 17:54:15,-4.5,37.9,69.87,80,,5.28
430,CN,2022-05-14 17:54:16,39.8167,98.3,47.46,27,,3.89
431,NE,2022-05-14 17:54:16,14.9709,8.8879,91.15,10,,10.07
432,RU,2022-05-14 17:54:17,57.8878,27.8054,49.89,85,,5.86
433,JP,2022-05-14 17:54:17,26.1842,127.7558,73.06,94,,10.36
434,PG,2022-05-14 17:54:18,-3.6667,152.4333,77.99,79,,4.61
435,UA,2022-05-14 17:54:19,50.9386,29.8943,51.35,82,,6.69
436,CY,2022-05-14 17:54:19,35.0375,33.9833,74.14,65,,4.0
437,AU,2022-05-14 17:54:20,-14.25,129.55,77.43,83,,2.73
438,NA,2022-05-14 17:54:20,-19.5667,18.1167,56.77,51,,0.0
439,AU,2022-05-14 17:54:21,-15.7667,128.7333,71.58,88,,0.0
440,BD,2022-05-14 17:54:22,22.1965,92.2262,77.54,95,,3.04
441,BI,2022-05-14 17:54:23,-3.9736,29.4386,71.24,86,,4.38
442,KY,2022-05-14 17:54:24,19.3667,-81.4167,86.07,77,,8.05
443,US,2022-05-14 17:54:24,32.3502,-85.1999,80.11,73,,0.0
444,WS,2022-05-14 17:54:25,-13.8745,-171.5986,80.17,70,,15.14
445,RU,2022-05-14 17:54:26,57.8161,114.0028,36.97,98,,2.64
446,BJ,2022-05-14 17:54:26,6.4965,2.6036,85.82,76,,8.77
447,VU,2022-05-14 17:54:27,-16.0999,167.4164,76.57,71,,8.66
448,CA,2022-05-14 17:51:27,43.1668,-79.4829,83.86,76,,5.75
449,CA,2022-05-14 17:54:28,52.1415,-122.1445,51.06,46,,12.66
450,TR,2022-05-14 17:54:28,36.605,34.3084,71.19,50,,8.72
451,CM,2022-05-14 17:54:29,4.4333,14.3667,72.03,88,,5.7
452,SY,2022-05-14 17:54:29,34.4506,40.9171,83.86,16,,7.11
453,CD,2022-05-14 17:54:30,3.25,19.7667,69.26,91,,3.83
454,US,2022-05-14 17:54:31,37.4636,-122.4286,79.59,63,,9.22
455,PH,2022-05-14 17:54:31,5.4732,120.7986,81.61,82,,8.43
456,PE,2022-05-14 17:54:32,-12.1167,-77.05,63.99,77,,4.61
457,IN,2022-05-14 17:54:33,17.65,83.2667,86.32,84,,4.61
458,RU,2022-05-14 17:54:33,64.9555,34.5793,42.13,90,,4.79
459,PH,2022-05-14 17:54:34,12.5246,124.5636,77.07,90,,4.72
460,CV,2022-05-14 17:54:35,14.8961,-24.4956,79.21,60,,8.55
461,IT,2022-05-14 17:54:35,44.483,11.0048,79.59,74,,2.89
462,US,2022-05-14 17:54:36,64.8569,-147.8028,41.47,89,,3.18
463,RU,2022-05-14 17:54:36,61.7333,130.2811,29.52,86,,4.99
464,CA,2022-05-14 17:52:46,49.8167,-94.4337,49.17,87,,12.66
465,RU,2022-05-14 17:55:37,61.3833,152.75,29.43,93,,3.33
466,IN,2022-05-14 17:55:37,28.1667,94.7667,70.47,99,,1.23
467,PH,2022-05-14 17:55:38,8.8503,125.0564,78.1,90,,2.37
468,JP,2022-05-14 17:55:38,43.7081,142.0392,44.91,84,,12.55
469,JP,2022-05-14 17:55:39,34.6851,135.8049,58.5,53,,0.4
470,BR,2022-05-14 17:55:39,-23.7781,-45.3581,73.58,77,,9.15
471,CN,2022-05-14 17:55:40,29.7057,118.2862,57.42,98,,2.91
472,US,2022-05-14 17:51:47,39.6895,-84.1688,85.01,49,,3.44
473,NG,2022-05-14 17:55:41,9.6989,10.2744,89.98,41,,5.26
474,RU,2022-05-14 17:55:41,57.3808,41.2886,46.04,92,,7.96
475,LK,2022-05-14 17:55:42,6.1241,81.1185,78.26,89,,25.03
476,NO,2022-05-14 17:55:43,67.667,12.6934,44.46,87,,22.15
477,US,2022-05-14 17:55:43,40.7391,-114.0733,65.41,22,,6.91
478,PR,2022-05-14 17:55:44,18.0072,-65.8993,87.62,76,,16.4
479,AU,2022-05-14 17:55:44,-35.7167,150.1833,65.1,87,,3.85
480,MG,2022-05-14 17:55:45,-15.7167,46.3167,77.02,78,,4.61
481,MX,2022-05-14 17:55:46,15.7432,-96.4661,90.82,47,,11.45
482,BF,2022-05-14 17:55:46,14.4439,-0.2361,100.85,7,,0.89
483,PH,2022-05-14 17:55:47,7.9868,117.0645,81.68,80,,3.58
484,CA,2022-05-14 17:55:47,51.226,-58.6502,50.05,62,,1.48
485,SB,2022-05-14 17:55:48,-8.7676,160.7034,76.84,89,,1.48
486,BR,2022-05-14 17:55:48,-3.7728,-61.6442,85.89,71,,4.0
487,US,2022-05-14 17:55:49,59.6425,-151.5483,44.76,69,,4.0
488,RU,2022-05-14 17:55:49,59.5667,150.8,38.53,99,,12.68
489,AU,2022-05-14 17:55:50,-20.3167,118.5667,69.85,88,,5.75
490,TZ,2022-05-14 17:55:50,-3.3333,36.8,66.47,77,,5.75
491,NZ,2022-05-14 17:55:51,-46.2817,169.8464,44.29,85,,0.87
492,RU,2022-05-14 17:55:51,56.4739,57.8698,46.83,85,,7.23
493,US,2022-05-14 17:55:52,21.3469,-158.0858,75.69,79,,6.91
494,CA,2022-05-14 17:54:43,51.6668,-105.4679,42.58,81,,14.97
495,AU,2022-05-14 17:55:53,-31.4333,152.9167,64.89,92,,7.81
496,US,2022-05-14 17:55:53,34.005,-118.8101,95.7,37,,3.96
497,RU,2022-05-14 17:55:54,55.8736,85.4265,60.91,41,,3.18
498,AR,2022-05-14 17:51:28,-33.295,-66.3356,61.21,66,,2.64
499,RU,2022-05-14 17:55:54,53.5739,142.9478,32.22,100,,18.57
500,MG,2022-05-14 17:51:05,-20.2833,44.2833,77.49,68,,8.81
501,BR,2022-05-14 17:55:55,-1.195,-46.02,82.69,80,,8.55
502,AR,2022-05-14 17:55:56,-23.8064,-64.7876,73.98,46,,3.47
503,PT,2022-05-14 17:55:56,40.4151,-7.7086,80.51,48,,5.99
504,MZ,2022-05-14 17:55:57,-23.865,35.3833,67.98,88,,3.44
505,GB,2022-05-14 17:55:57,51.0802,-4.0581,60.26,77,,3.91
506,RU,2022-05-14 17:55:58,49.5776,111.9753,43.03,52,,5.66
507,US,2022-05-14 17:55:58,38.8876,-76.5119,71.2,93,,5.75
508,IS,2022-05-14 17:55:59,66.0449,-17.3389,41.9,77,,17.29
509,AR,2022-05-14 17:56:00,-40.8135,-62.9967,56.93,48,,18.59
510,US,2022-05-14 17:52:00,36.6177,-121.9166,75.34,80,,11.01
511,VU,2022-05-14 17:56:01,-19.55,169.2667,72.54,70,,9.22
512,IN,2022-05-14 17:56:01,25.0833,80.2,98.58,10,,5.68
513,RU,2022-05-14 17:56:02,51.1167,133.0167,38.21,89,,1.39
514,SA,2022-05-14 17:57:02,31.6725,38.6637,84.45,23,,13.8
515,US,2022-05-14 17:57:03,40.8021,-124.1637,70.2,89,,7.0
516,US,2022-05-14 17:52:15,43.3665,-124.2179,57.24,97,,17.27
517,CN,2022-05-14 17:57:03,46.0833,127.4,46.99,47,,7.4
518,RU,2022-05-14 17:57:04,67.8006,130.4114,0.18,95,,7.16
519,NA,2022-05-14 17:57:04,-20.5833,17.4333,65.32,20,,7.23
520,PK,2022-05-14 17:57:05,29.6133,73.1389,101.84,4,,7.43
521,JP,2022-05-14 17:57:05,26.5881,127.9761,73.83,96,,2.86
522,MN,2022-05-14 17:57:06,49.4867,105.9228,52.09,30,,5.84
523,TZ,2022-05-14 17:57:06,-3.35,35.85,70.7,72,,4.0
524,CN,2022-05-14 17:57:07,50.2441,127.4902,43.38,57,,16.87
525,IN,2022-05-14 17:57:08,34.5667,76.1,52.29,31,,5.41
526,GW,2022-05-14 17:57:08,11.2833,-15.8333,78.6,80,,20.8
527,MZ,2022-05-14 17:57:09,-19.8436,34.8389,73.49,83,,6.91
528,RU,2022-05-14 17:57:09,49.2167,143.1167,34.29,97,,7.67
529,BR,2022-05-14 17:57:10,-4.085,-63.1414,83.8,85,,3.71
530,RU,2022-05-14 17:57:11,55.65,109.3167,36.88,72,,1.99
531,LY,2022-05-14 17:57:12,29.0331,21.5482,78.24,25,,9.82
532,MR,2022-05-14 17:57:12,18.0858,-15.9785,91.56,31,,5.08
533,BR,2022-05-14 17:57:13,-7.0219,-45.4811,92.75,38,,9.22
534,CV,2022-05-14 17:55:41,14.9215,-23.5087,86.54,39,,29.93
535,NA,2022-05-14 17:57:14,-28.0167,18.75,59.65,26,,8.95
536,BR,2022-05-14 17:57:14,-7.6717,-36.88,83.23,54,,9.08
537,NZ,2022-05-14 17:57:15,-35.1,173.7833,53.33,93,,5.1
538,IE,2022-05-14 17:57:15,53.7667,-8.7667,58.78,69,,5.44
539,SB,2022-05-14 17:57:16,-10.4544,161.9205,78.53,84,,2.26
540,ID,2022-05-14 17:57:16,-2.0833,101.3833,67.69,97,,2.3
541,HT,2022-05-14 17:57:17,19.45,-72.6833,89.26,50,,8.03
542,NC,2022-05-14 17:57:17,-21.35,165.15,71.15,86,,5.77
543,CD,2022-05-14 17:57:18,1.2391,23.616,75.15,86,,3.24
544,CL,2022-05-14 17:57:19,-38.7,-73.1667,57.42,51,,5.7
545,AR,2022-05-14 17:57:19,-26.7852,-60.4388,65.43,79,,5.32
546,CF,2022-05-14 17:57:20,4.9608,18.7035,77.07,75,,2.82
547,CA,2022-05-14 17:57:20,48.6499,-53.1147,35.04,79,,10.76
548,IN,2022-05-14 17:57:20,24.3333,93.6667,65.5,98,,1.41
549,MV,2022-05-14 17:57:21,6.6221,73.07,79.09,87,,20.4
550,TD,2022-05-14 17:57:22,9.1104,18.3463,87.75,51,,0.0
551,IS,2022-05-14 17:57:22,64.2539,-15.2082,38.8,94,,14.88
552,CN,2022-05-14 17:57:23,47.8667,88.1167,57.61,28,,9.31
553,BR,2022-05-14 17:57:24,-30.2578,-50.5097,66.76,80,,7.65
554,MX,2022-05-14 17:57:25,21.2667,-97.45,83.59,60,,7.7
555,AU,2022-05-14 17:57:25,-25.2986,152.8535,72.01,96,,3.0
556,MX,2022-05-14 17:57:26,29.5667,-104.4167,98.42,29,,4.61
557,MX,2022-05-14 17:57:26,17.5167,-101.2667,92.98,41,,7.43
558,BR,2022-05-14 17:58:27,-20.6667,-40.4975,75.92,69,,8.63
559,RU,2022-05-14 17:58:27,65.9811,60.3094,49.53,87,,11.74
560,NA,2022-05-14 17:58:28,-21.4333,15.9333,67.3,23,,4.29
561,AU,2022-05-14 17:58:29,-37.8333,140.7667,56.68,87,,8.39
562,CO,2022-05-14 17:58:30,11.7751,-72.4445,88.7,58,,16.91
563,IT,2022-05-14 17:58:30,37.6358,12.7443,66.67,56,,5.37
564,US,2022-05-14 17:57:03,41.2835,-70.0995,70.14,94,,9.22
565,AO,2022-05-14 17:58:31,-10.7073,22.2247,69.64,44,,2.95
566,GL,2022-05-14 17:58:32,68.7098,-52.8699,26.4,68,,8.7
567,CA,2022-05-14 17:58:32,54.7682,-101.865,35.44,93,,10.36
568,EC,2022-05-14 17:58:33,-3.3333,-79.8167,76.71,77,,3.22
569,PT,2022-05-14 17:58:34,39.05,-27.9833,60.84,82,,29.42
570,RU,2022-05-14 17:58:34,66.8014,65.8081,42.15,96,,11.05
571,TO,2022-05-14 17:58:35,-18.65,-173.9833,65.08,94,,0.0
572,MX,2022-05-14 17:58:35,25.8167,-103.85,87.06,25,,7.27
573,US,2022-05-14 17:58:36,26.5504,-81.8687,90.01,49,,5.01
574,ZA,2022-05-14 17:58:37,-28.783,32.0377,67.96,91,,5.35
575,KM,2022-05-14 17:58:37,-11.3847,43.2844,80.24,71,,6.24
576,IN,2022-05-14 17:58:38,23.8333,79.45,99.1,16,,7.36
577,FR,2022-05-14 17:57:08,46.4154,3.9054,76.44,38,,5.75
